label,N,d_km,estructura,carga,regla,semilla,rep,build_ms,query_ms,rondas,vecinos_total,retenidos,mem_pico_mb,valido,discrepancias,precision,variante_w2,lib_commit,gpu,cuda
tortuga_gt,8340,10,KDTree,W2,random,0,0,0.5773,0.7869,4,377276,1655,6.00,ok,0,f32c,csr,e02d22920cc32e4f279c617770fc5116c84e1989,NVIDIA L40S,12.4
tortuga_gt,8340,10,KDTree,W2,random,0,1,0.4540,0.7558,4,377276,1655,6.00,ok,0,f32c,csr,e02d22920cc32e4f279c617770fc5116c84e1989,NVIDIA L40S,12.4
tortuga_gt,8340,10,KDTree,W2,random,0,2,0.4370,0.7364,4,377276,1655,6.00,ok,0,f32c,csr,e02d22920cc32e4f279c617770fc5116c84e1989,NVIDIA L40S,12.4
tortuga_gt,8340,10,KDTree,W2,random,0,3,0.4224,0.7261,4,377276,1655,6.00,ok,0,f32c,csr,e02d22920cc32e4f279c617770fc5116c84e1989,NVIDIA L40S,12.4
tortuga_gt,8340,10,KDTree,W2,random,0,4,0.4306,0.7238,4,377276,1655,6.00,ok,0,f32c,csr,e02d22920cc32e4f279c617770fc5116c84e1989,NVIDIA L40S,12.4
tortuga_gt,8340,10,KDTree,W2,random,0,5,0.4226,0.7253,4,377276,1655,6.00,ok,0,f32c,csr,e02d22920cc32e4f279c617770fc5116c84e1989,NVIDIA L40S,12.4
tortuga_gt,8340,10,KDTree,W2,random,0,6,0.4285,0.7046,4,377276,1655,6.00,ok,0,f32c,csr,e02d22920cc32e4f279c617770fc5116c84e1989,NVIDIA L40S,12.4
tortuga_gt,8340,10,KDTree,W2,random,0,7,0.3930,0.6534,4,377276,1655,6.00,ok,0,f32c,csr,e02d22920cc32e4f279c617770fc5116c84e1989,NVIDIA L40S,12.4
tortuga_gt,8340,10,KDTree,W2,random,0,8,0.3971,0.6390,4,377276,1655,6.00,ok,0,f32c,csr,e02d22920cc32e4f279c617770fc5116c84e1989,NVIDIA L40S,12.4
tortuga_gt,8340,10,KDTree,W2,random,0,9,0.3977,0.6489,4,377276,1655,6.00,ok,0,f32c,csr,e02d22920cc32e4f279c617770fc5116c84e1989,NVIDIA L40S,12.4
tortuga_gt,8340,10,LinearBVH,W2,random,0,0,0.1821,1.0392,4,377276,1655,2.00,ok,0,f32c,csr,e02d22920cc32e4f279c617770fc5116c84e1989,NVIDIA L40S,12.4
tortuga_gt,8340,10,LinearBVH,W2,random,0,1,0.1346,0.9305,4,377276,1655,2.00,ok,0,f32c,csr,e02d22920cc32e4f279c617770fc5116c84e1989,NVIDIA L40S,12.4
tortuga_gt,8340,10,LinearBVH,W2,random,0,2,0.1323,0.9305,4,377276,1655,2.00,ok,0,f32c,csr,e02d22920cc32e4f279c617770fc5116c84e1989,NVIDIA L40S,12.4
tortuga_gt,8340,10,LinearBVH,W2,random,0,3,0.1303,0.9136,4,377276,1655,2.00,ok,0,f32c,csr,e02d22920cc32e4f279c617770fc5116c84e1989,NVIDIA L40S,12.4
tortuga_gt,8340,10,LinearBVH,W2,random,0,4,0.1266,0.9066,4,377276,1655,2.00,ok,0,f32c,csr,e02d22920cc32e4f279c617770fc5116c84e1989,NVIDIA L40S,12.4
tortuga_gt,8340,10,LinearBVH,W2,random,0,5,0.1245,0.9043,4,377276,1655,2.00,ok,0,f32c,csr,e02d22920cc32e4f279c617770fc5116c84e1989,NVIDIA L40S,12.4
tortuga_gt,8340,10,LinearBVH,W2,random,0,6,0.1246,0.9042,4,377276,1655,2.00,ok,0,f32c,csr,e02d22920cc32e4f279c617770fc5116c84e1989,NVIDIA L40S,12.4
tortuga_gt,8340,10,LinearBVH,W2,random,0,7,0.1247,0.8944,4,377276,1655,2.00,ok,0,f32c,csr,e02d22920cc32e4f279c617770fc5116c84e1989,NVIDIA L40S,12.4
tortuga_gt,8340,10,LinearBVH,W2,random,0,8,0.1247,0.8949,4,377276,1655,2.00,ok,0,f32c,csr,e02d22920cc32e4f279c617770fc5116c84e1989,NVIDIA L40S,12.4
tortuga_gt,8340,10,LinearBVH,W2,random,0,9,0.1234,0.9073,4,377276,1655,2.00,ok,0,f32c,csr,e02d22920cc32e4f279c617770fc5116c84e1989,NVIDIA L40S,12.4
tortuga_gt,8340,10,UniformGrid,W2,random,0,0,0.7836,1.2922,4,377276,1655,42.00,ok,0,f32c,csr,e02d22920cc32e4f279c617770fc5116c84e1989,NVIDIA L40S,12.4
tortuga_gt,8340,10,UniformGrid,W2,random,0,1,0.9974,1.2889,4,377276,1655,42.00,ok,0,f32c,csr,e02d22920cc32e4f279c617770fc5116c84e1989,NVIDIA L40S,12.4
tortuga_gt,8340,10,UniformGrid,W2,random,0,2,1.0062,1.2908,4,377276,1655,42.00,ok,0,f32c,csr,e02d22920cc32e4f279c617770fc5116c84e1989,NVIDIA L40S,12.4
tortuga_gt,8340,10,UniformGrid,W2,random,0,3,1.0078,1.2909,4,377276,1655,42.00,ok,0,f32c,csr,e02d22920cc32e4f279c617770fc5116c84e1989,NVIDIA L40S,12.4
tortuga_gt,8340,10,UniformGrid,W2,random,0,4,1.0082,1.2905,4,377276,1655,42.00,ok,0,f32c,csr,e02d22920cc32e4f279c617770fc5116c84e1989,NVIDIA L40S,12.4
tortuga_gt,8340,10,UniformGrid,W2,random,0,5,1.0031,1.2900,4,377276,1655,42.00,ok,0,f32c,csr,e02d22920cc32e4f279c617770fc5116c84e1989,NVIDIA L40S,12.4
tortuga_gt,8340,10,UniformGrid,W2,random,0,6,1.0052,1.2895,4,377276,1655,42.00,ok,0,f32c,csr,e02d22920cc32e4f279c617770fc5116c84e1989,NVIDIA L40S,12.4
tortuga_gt,8340,10,UniformGrid,W2,random,0,7,0.9943,1.2909,4,377276,1655,42.00,ok,0,f32c,csr,e02d22920cc32e4f279c617770fc5116c84e1989,NVIDIA L40S,12.4
tortuga_gt,8340,10,UniformGrid,W2,random,0,8,1.0007,1.2893,4,377276,1655,42.00,ok,0,f32c,csr,e02d22920cc32e4f279c617770fc5116c84e1989,NVIDIA L40S,12.4
tortuga_gt,8340,10,UniformGrid,W2,random,0,9,1.0007,1.2880,4,377276,1655,42.00,ok,0,f32c,csr,e02d22920cc32e4f279c617770fc5116c84e1989,NVIDIA L40S,12.4
tortuga_gt,8340,10,KDTree,W2,mindeg,0,0,0.4033,0.7967,6,377276,1794,6.00,ok,0,f32c,csr,e02d22920cc32e4f279c617770fc5116c84e1989,NVIDIA L40S,12.4
tortuga_gt,8340,10,KDTree,W2,mindeg,0,1,0.3918,0.8042,6,377276,1794,6.00,ok,0,f32c,csr,e02d22920cc32e4f279c617770fc5116c84e1989,NVIDIA L40S,12.4
tortuga_gt,8340,10,KDTree,W2,mindeg,0,2,0.3942,0.7924,6,377276,1794,6.00,ok,0,f32c,csr,e02d22920cc32e4f279c617770fc5116c84e1989,NVIDIA L40S,12.4
tortuga_gt,8340,10,KDTree,W2,mindeg,0,3,0.4009,0.7850,6,377276,1794,6.00,ok,0,f32c,csr,e02d22920cc32e4f279c617770fc5116c84e1989,NVIDIA L40S,12.4
tortuga_gt,8340,10,KDTree,W2,mindeg,0,4,0.3933,0.7879,6,377276,1794,6.00,ok,0,f32c,csr,e02d22920cc32e4f279c617770fc5116c84e1989,NVIDIA L40S,12.4
tortuga_gt,8340,10,KDTree,W2,mindeg,0,5,0.3927,0.7838,6,377276,1794,6.00,ok,0,f32c,csr,e02d22920cc32e4f279c617770fc5116c84e1989,NVIDIA L40S,12.4
tortuga_gt,8340,10,KDTree,W2,mindeg,0,6,0.3931,0.7831,6,377276,1794,6.00,ok,0,f32c,csr,e02d22920cc32e4f279c617770fc5116c84e1989,NVIDIA L40S,12.4
tortuga_gt,8340,10,KDTree,W2,mindeg,0,7,0.3921,0.7906,6,377276,1794,6.00,ok,0,f32c,csr,e02d22920cc32e4f279c617770fc5116c84e1989,NVIDIA L40S,12.4
tortuga_gt,8340,10,KDTree,W2,mindeg,0,8,0.3927,0.8011,6,377276,1794,6.00,ok,0,f32c,csr,e02d22920cc32e4f279c617770fc5116c84e1989,NVIDIA L40S,12.4
tortuga_gt,8340,10,KDTree,W2,mindeg,0,9,0.3931,0.7816,6,377276,1794,6.00,ok,0,f32c,csr,e02d22920cc32e4f279c617770fc5116c84e1989,NVIDIA L40S,12.4
tortuga_gt,8340,10,LinearBVH,W2,mindeg,0,0,0.1631,1.1624,6,377276,1794,2.00,ok,0,f32c,csr,e02d22920cc32e4f279c617770fc5116c84e1989,NVIDIA L40S,12.4
tortuga_gt,8340,10,LinearBVH,W2,mindeg,0,1,0.1310,1.0623,6,377276,1794,2.00,ok,0,f32c,csr,e02d22920cc32e4f279c617770fc5116c84e1989,NVIDIA L40S,12.4
tortuga_gt,8340,10,LinearBVH,W2,mindeg,0,2,0.1289,1.0509,6,377276,1794,2.00,ok,0,f32c,csr,e02d22920cc32e4f279c617770fc5116c84e1989,NVIDIA L40S,12.4
tortuga_gt,8340,10,LinearBVH,W2,mindeg,0,3,0.1273,1.0500,6,377276,1794,2.00,ok,0,f32c,csr,e02d22920cc32e4f279c617770fc5116c84e1989,NVIDIA L40S,12.4
tortuga_gt,8340,10,LinearBVH,W2,mindeg,0,4,0.1264,1.0579,6,377276,1794,2.00,ok,0,f32c,csr,e02d22920cc32e4f279c617770fc5116c84e1989,NVIDIA L40S,12.4
tortuga_gt,8340,10,LinearBVH,W2,mindeg,0,5,0.1261,1.0458,6,377276,1794,2.00,ok,0,f32c,csr,e02d22920cc32e4f279c617770fc5116c84e1989,NVIDIA L40S,12.4
tortuga_gt,8340,10,LinearBVH,W2,mindeg,0,6,0.1268,1.0518,6,377276,1794,2.00,ok,0,f32c,csr,e02d22920cc32e4f279c617770fc5116c84e1989,NVIDIA L40S,12.4
tortuga_gt,8340,10,LinearBVH,W2,mindeg,0,7,0.1252,1.0479,6,377276,1794,2.00,ok,0,f32c,csr,e02d22920cc32e4f279c617770fc5116c84e1989,NVIDIA L40S,12.4
tortuga_gt,8340,10,LinearBVH,W2,mindeg,0,8,0.1246,1.0467,6,377276,1794,2.00,ok,0,f32c,csr,e02d22920cc32e4f279c617770fc5116c84e1989,NVIDIA L40S,12.4
tortuga_gt,8340,10,LinearBVH,W2,mindeg,0,9,0.1234,1.0468,6,377276,1794,2.00,ok,0,f32c,csr,e02d22920cc32e4f279c617770fc5116c84e1989,NVIDIA L40S,12.4
tortuga_gt,8340,10,UniformGrid,W2,mindeg,0,0,0.8115,1.4258,6,377276,1794,42.00,ok,0,f32c,csr,e02d22920cc32e4f279c617770fc5116c84e1989,NVIDIA L40S,12.4
tortuga_gt,8340,10,UniformGrid,W2,mindeg,0,1,1.0146,1.4258,6,377276,1794,42.00,ok,0,f32c,csr,e02d22920cc32e4f279c617770fc5116c84e1989,NVIDIA L40S,12.4
tortuga_gt,8340,10,UniformGrid,W2,mindeg,0,2,1.0044,1.4237,6,377276,1794,42.00,ok,0,f32c,csr,e02d22920cc32e4f279c617770fc5116c84e1989,NVIDIA L40S,12.4
tortuga_gt,8340,10,UniformGrid,W2,mindeg,0,3,1.0015,1.4248,6,377276,1794,42.00,ok,0,f32c,csr,e02d22920cc32e4f279c617770fc5116c84e1989,NVIDIA L40S,12.4
tortuga_gt,8340,10,UniformGrid,W2,mindeg,0,4,1.0101,1.4393,6,377276,1794,42.00,ok,0,f32c,csr,e02d22920cc32e4f279c617770fc5116c84e1989,NVIDIA L40S,12.4
tortuga_gt,8340,10,UniformGrid,W2,mindeg,0,5,0.9970,1.4228,6,377276,1794,42.00,ok,0,f32c,csr,e02d22920cc32e4f279c617770fc5116c84e1989,NVIDIA L40S,12.4
tortuga_gt,8340,10,UniformGrid,W2,mindeg,0,6,1.0043,1.4269,6,377276,1794,42.00,ok,0,f32c,csr,e02d22920cc32e4f279c617770fc5116c84e1989,NVIDIA L40S,12.4
tortuga_gt,8340,10,UniformGrid,W2,mindeg,0,7,1.0045,1.4205,6,377276,1794,42.00,ok,0,f32c,csr,e02d22920cc32e4f279c617770fc5116c84e1989,NVIDIA L40S,12.4
tortuga_gt,8340,10,UniformGrid,W2,mindeg,0,8,1.0176,1.4253,6,377276,1794,42.00,ok,0,f32c,csr,e02d22920cc32e4f279c617770fc5116c84e1989,NVIDIA L40S,12.4
tortuga_gt,8340,10,UniformGrid,W2,mindeg,0,9,1.0005,1.4217,6,377276,1794,42.00,ok,0,f32c,csr,e02d22920cc32e4f279c617770fc5116c84e1989,NVIDIA L40S,12.4
tortuga_gt,8340,25,KDTree,W2,random,0,0,0.4043,0.9762,4,845676,794,8.00,ok,0,f32c,csr,e02d22920cc32e4f279c617770fc5116c84e1989,NVIDIA L40S,12.4
tortuga_gt,8340,25,KDTree,W2,random,0,1,0.3880,0.9638,4,845676,794,8.00,ok,0,f32c,csr,e02d22920cc32e4f279c617770fc5116c84e1989,NVIDIA L40S,12.4
tortuga_gt,8340,25,KDTree,W2,random,0,2,0.3921,0.9647,4,845676,794,8.00,ok,0,f32c,csr,e02d22920cc32e4f279c617770fc5116c84e1989,NVIDIA L40S,12.4
tortuga_gt,8340,25,KDTree,W2,random,0,3,0.3919,0.9816,4,845676,794,8.00,ok,0,f32c,csr,e02d22920cc32e4f279c617770fc5116c84e1989,NVIDIA L40S,12.4
tortuga_gt,8340,25,KDTree,W2,random,0,4,0.3945,0.9606,4,845676,794,8.00,ok,0,f32c,csr,e02d22920cc32e4f279c617770fc5116c84e1989,NVIDIA L40S,12.4
tortuga_gt,8340,25,KDTree,W2,random,0,5,0.3942,0.9643,4,845676,794,8.00,ok,0,f32c,csr,e02d22920cc32e4f279c617770fc5116c84e1989,NVIDIA L40S,12.4
tortuga_gt,8340,25,KDTree,W2,random,0,6,0.3969,0.9708,4,845676,794,8.00,ok,0,f32c,csr,e02d22920cc32e4f279c617770fc5116c84e1989,NVIDIA L40S,12.4
tortuga_gt,8340,25,KDTree,W2,random,0,7,0.3950,0.9509,4,845676,794,8.00,ok,0,f32c,csr,e02d22920cc32e4f279c617770fc5116c84e1989,NVIDIA L40S,12.4
tortuga_gt,8340,25,KDTree,W2,random,0,8,0.3964,0.9489,4,845676,794,8.00,ok,0,f32c,csr,e02d22920cc32e4f279c617770fc5116c84e1989,NVIDIA L40S,12.4
tortuga_gt,8340,25,KDTree,W2,random,0,9,0.3901,0.9554,4,845676,794,8.00,ok,0,f32c,csr,e02d22920cc32e4f279c617770fc5116c84e1989,NVIDIA L40S,12.4
tortuga_gt,8340,25,LinearBVH,W2,random,0,0,0.1948,1.3936,4,845676,794,4.00,ok,0,f32c,csr,e02d22920cc32e4f279c617770fc5116c84e1989,NVIDIA L40S,12.4
tortuga_gt,8340,25,LinearBVH,W2,random,0,1,0.1347,1.2571,4,845676,794,4.00,ok,0,f32c,csr,e02d22920cc32e4f279c617770fc5116c84e1989,NVIDIA L40S,12.4
tortuga_gt,8340,25,LinearBVH,W2,random,0,2,0.1269,1.2507,4,845676,794,4.00,ok,0,f32c,csr,e02d22920cc32e4f279c617770fc5116c84e1989,NVIDIA L40S,12.4
tortuga_gt,8340,25,LinearBVH,W2,random,0,3,0.1266,1.2354,4,845676,794,4.00,ok,0,f32c,csr,e02d22920cc32e4f279c617770fc5116c84e1989,NVIDIA L40S,12.4
tortuga_gt,8340,25,LinearBVH,W2,random,0,4,0.1281,1.2303,4,845676,794,4.00,ok,0,f32c,csr,e02d22920cc32e4f279c617770fc5116c84e1989,NVIDIA L40S,12.4
tortuga_gt,8340,25,LinearBVH,W2,random,0,5,0.1236,1.2407,4,845676,794,4.00,ok,0,f32c,csr,e02d22920cc32e4f279c617770fc5116c84e1989,NVIDIA L40S,12.4
tortuga_gt,8340,25,LinearBVH,W2,random,0,6,0.1292,1.2430,4,845676,794,4.00,ok,0,f32c,csr,e02d22920cc32e4f279c617770fc5116c84e1989,NVIDIA L40S,12.4
tortuga_gt,8340,25,LinearBVH,W2,random,0,7,0.1241,1.2321,4,845676,794,4.00,ok,0,f32c,csr,e02d22920cc32e4f279c617770fc5116c84e1989,NVIDIA L40S,12.4
tortuga_gt,8340,25,LinearBVH,W2,random,0,8,0.1242,1.2300,4,845676,794,4.00,ok,0,f32c,csr,e02d22920cc32e4f279c617770fc5116c84e1989,NVIDIA L40S,12.4
tortuga_gt,8340,25,LinearBVH,W2,random,0,9,0.1227,1.2221,4,845676,794,4.00,ok,0,f32c,csr,e02d22920cc32e4f279c617770fc5116c84e1989,NVIDIA L40S,12.4
tortuga_gt,8340,25,UniformGrid,W2,random,0,0,0.3340,0.9516,4,845676,794,8.00,ok,0,f32c,csr,e02d22920cc32e4f279c617770fc5116c84e1989,NVIDIA L40S,12.4
tortuga_gt,8340,25,UniformGrid,W2,random,0,1,0.2106,0.9384,4,845676,794,8.00,ok,0,f32c,csr,e02d22920cc32e4f279c617770fc5116c84e1989,NVIDIA L40S,12.4
tortuga_gt,8340,25,UniformGrid,W2,random,0,2,0.2073,0.9222,4,845676,794,8.00,ok,0,f32c,csr,e02d22920cc32e4f279c617770fc5116c84e1989,NVIDIA L40S,12.4
tortuga_gt,8340,25,UniformGrid,W2,random,0,3,0.2032,0.9284,4,845676,794,8.00,ok,0,f32c,csr,e02d22920cc32e4f279c617770fc5116c84e1989,NVIDIA L40S,12.4
tortuga_gt,8340,25,UniformGrid,W2,random,0,4,0.2055,0.9294,4,845676,794,8.00,ok,0,f32c,csr,e02d22920cc32e4f279c617770fc5116c84e1989,NVIDIA L40S,12.4
tortuga_gt,8340,25,UniformGrid,W2,random,0,5,0.2008,0.9339,4,845676,794,8.00,ok,0,f32c,csr,e02d22920cc32e4f279c617770fc5116c84e1989,NVIDIA L40S,12.4
tortuga_gt,8340,25,UniformGrid,W2,random,0,6,0.2004,0.9354,4,845676,794,8.00,ok,0,f32c,csr,e02d22920cc32e4f279c617770fc5116c84e1989,NVIDIA L40S,12.4
tortuga_gt,8340,25,UniformGrid,W2,random,0,7,0.2036,0.9263,4,845676,794,8.00,ok,0,f32c,csr,e02d22920cc32e4f279c617770fc5116c84e1989,NVIDIA L40S,12.4
tortuga_gt,8340,25,UniformGrid,W2,random,0,8,0.2011,0.9217,4,845676,794,8.00,ok,0,f32c,csr,e02d22920cc32e4f279c617770fc5116c84e1989,NVIDIA L40S,12.4
tortuga_gt,8340,25,UniformGrid,W2,random,0,9,0.2043,0.9170,4,845676,794,8.00,ok,0,f32c,csr,e02d22920cc32e4f279c617770fc5116c84e1989,NVIDIA L40S,12.4
tortuga_gt,8340,25,KDTree,W2,mindeg,0,0,0.4125,1.4132,7,845676,882,8.00,ok,0,f32c,csr,e02d22920cc32e4f279c617770fc5116c84e1989,NVIDIA L40S,12.4
tortuga_gt,8340,25,KDTree,W2,mindeg,0,1,0.3863,1.3897,7,845676,882,8.00,ok,0,f32c,csr,e02d22920cc32e4f279c617770fc5116c84e1989,NVIDIA L40S,12.4
tortuga_gt,8340,25,KDTree,W2,mindeg,0,2,0.3964,1.4019,7,845676,882,8.00,ok,0,f32c,csr,e02d22920cc32e4f279c617770fc5116c84e1989,NVIDIA L40S,12.4
tortuga_gt,8340,25,KDTree,W2,mindeg,0,3,0.3926,1.3949,7,845676,882,8.00,ok,0,f32c,csr,e02d22920cc32e4f279c617770fc5116c84e1989,NVIDIA L40S,12.4
tortuga_gt,8340,25,KDTree,W2,mindeg,0,4,0.3918,1.3848,7,845676,882,8.00,ok,0,f32c,csr,e02d22920cc32e4f279c617770fc5116c84e1989,NVIDIA L40S,12.4
tortuga_gt,8340,25,KDTree,W2,mindeg,0,5,0.3970,1.3844,7,845676,882,8.00,ok,0,f32c,csr,e02d22920cc32e4f279c617770fc5116c84e1989,NVIDIA L40S,12.4
tortuga_gt,8340,25,KDTree,W2,mindeg,0,6,0.3954,1.3809,7,845676,882,8.00,ok,0,f32c,csr,e02d22920cc32e4f279c617770fc5116c84e1989,NVIDIA L40S,12.4
tortuga_gt,8340,25,KDTree,W2,mindeg,0,7,0.3947,1.3956,7,845676,882,8.00,ok,0,f32c,csr,e02d22920cc32e4f279c617770fc5116c84e1989,NVIDIA L40S,12.4
tortuga_gt,8340,25,KDTree,W2,mindeg,0,8,0.3908,1.3744,7,845676,882,8.00,ok,0,f32c,csr,e02d22920cc32e4f279c617770fc5116c84e1989,NVIDIA L40S,12.4
tortuga_gt,8340,25,KDTree,W2,mindeg,0,9,0.3953,1.3754,7,845676,882,8.00,ok,0,f32c,csr,e02d22920cc32e4f279c617770fc5116c84e1989,NVIDIA L40S,12.4
tortuga_gt,8340,25,LinearBVH,W2,mindeg,0,0,0.1961,1.7866,7,845676,882,4.00,ok,0,f32c,csr,e02d22920cc32e4f279c617770fc5116c84e1989,NVIDIA L40S,12.4
tortuga_gt,8340,25,LinearBVH,W2,mindeg,0,1,0.1342,1.6553,7,845676,882,4.00,ok,0,f32c,csr,e02d22920cc32e4f279c617770fc5116c84e1989,NVIDIA L40S,12.4
tortuga_gt,8340,25,LinearBVH,W2,mindeg,0,2,0.1281,1.6532,7,845676,882,4.00,ok,0,f32c,csr,e02d22920cc32e4f279c617770fc5116c84e1989,NVIDIA L40S,12.4
tortuga_gt,8340,25,LinearBVH,W2,mindeg,0,3,0.1268,1.6327,7,845676,882,4.00,ok,0,f32c,csr,e02d22920cc32e4f279c617770fc5116c84e1989,NVIDIA L40S,12.4
tortuga_gt,8340,25,LinearBVH,W2,mindeg,0,4,0.1257,1.6224,7,845676,882,4.00,ok,0,f32c,csr,e02d22920cc32e4f279c617770fc5116c84e1989,NVIDIA L40S,12.4
tortuga_gt,8340,25,LinearBVH,W2,mindeg,0,5,0.1245,1.6196,7,845676,882,4.00,ok,0,f32c,csr,e02d22920cc32e4f279c617770fc5116c84e1989,NVIDIA L40S,12.4
tortuga_gt,8340,25,LinearBVH,W2,mindeg,0,6,0.1252,1.6284,7,845676,882,4.00,ok,0,f32c,csr,e02d22920cc32e4f279c617770fc5116c84e1989,NVIDIA L40S,12.4
tortuga_gt,8340,25,LinearBVH,W2,mindeg,0,7,0.1280,1.6174,7,845676,882,4.00,ok,0,f32c,csr,e02d22920cc32e4f279c617770fc5116c84e1989,NVIDIA L40S,12.4
tortuga_gt,8340,25,LinearBVH,W2,mindeg,0,8,0.1269,1.6130,7,845676,882,4.00,ok,0,f32c,csr,e02d22920cc32e4f279c617770fc5116c84e1989,NVIDIA L40S,12.4
tortuga_gt,8340,25,LinearBVH,W2,mindeg,0,9,0.1255,1.6114,7,845676,882,4.00,ok,0,f32c,csr,e02d22920cc32e4f279c617770fc5116c84e1989,NVIDIA L40S,12.4
tortuga_gt,8340,25,UniformGrid,W2,mindeg,0,0,0.3130,1.3103,7,845676,882,8.00,ok,0,f32c,csr,e02d22920cc32e4f279c617770fc5116c84e1989,NVIDIA L40S,12.4
tortuga_gt,8340,25,UniformGrid,W2,mindeg,0,1,0.2144,1.3001,7,845676,882,8.00,ok,0,f32c,csr,e02d22920cc32e4f279c617770fc5116c84e1989,NVIDIA L40S,12.4
tortuga_gt,8340,25,UniformGrid,W2,mindeg,0,2,0.2037,1.3030,7,845676,882,8.00,ok,0,f32c,csr,e02d22920cc32e4f279c617770fc5116c84e1989,NVIDIA L40S,12.4
tortuga_gt,8340,25,UniformGrid,W2,mindeg,0,3,0.2049,1.2989,7,845676,882,8.00,ok,0,f32c,csr,e02d22920cc32e4f279c617770fc5116c84e1989,NVIDIA L40S,12.4
tortuga_gt,8340,25,UniformGrid,W2,mindeg,0,4,0.2056,1.3023,7,845676,882,8.00,ok,0,f32c,csr,e02d22920cc32e4f279c617770fc5116c84e1989,NVIDIA L40S,12.4
tortuga_gt,8340,25,UniformGrid,W2,mindeg,0,5,0.2042,1.2915,7,845676,882,8.00,ok,0,f32c,csr,e02d22920cc32e4f279c617770fc5116c84e1989,NVIDIA L40S,12.4
tortuga_gt,8340,25,UniformGrid,W2,mindeg,0,6,0.2064,1.2947,7,845676,882,8.00,ok,0,f32c,csr,e02d22920cc32e4f279c617770fc5116c84e1989,NVIDIA L40S,12.4
tortuga_gt,8340,25,UniformGrid,W2,mindeg,0,7,0.2008,1.2904,7,845676,882,8.00,ok,0,f32c,csr,e02d22920cc32e4f279c617770fc5116c84e1989,NVIDIA L40S,12.4
tortuga_gt,8340,25,UniformGrid,W2,mindeg,0,8,0.1997,1.2886,7,845676,882,8.00,ok,0,f32c,csr,e02d22920cc32e4f279c617770fc5116c84e1989,NVIDIA L40S,12.4
tortuga_gt,8340,25,UniformGrid,W2,mindeg,0,9,0.2013,1.2816,7,845676,882,8.00,ok,0,f32c,csr,e02d22920cc32e4f279c617770fc5116c84e1989,NVIDIA L40S,12.4
tortuga_gt,8340,50,KDTree,W2,random,0,0,0.4218,1.7670,5,1819754,411,12.00,ok,0,f32c,csr,e02d22920cc32e4f279c617770fc5116c84e1989,NVIDIA L40S,12.4
tortuga_gt,8340,50,KDTree,W2,random,0,1,0.3901,1.6978,5,1819754,411,12.00,ok,0,f32c,csr,e02d22920cc32e4f279c617770fc5116c84e1989,NVIDIA L40S,12.4
tortuga_gt,8340,50,KDTree,W2,random,0,2,0.3923,1.7257,5,1819754,411,12.00,ok,0,f32c,csr,e02d22920cc32e4f279c617770fc5116c84e1989,NVIDIA L40S,12.4
tortuga_gt,8340,50,KDTree,W2,random,0,3,0.3931,1.7007,5,1819754,411,12.00,ok,0,f32c,csr,e02d22920cc32e4f279c617770fc5116c84e1989,NVIDIA L40S,12.4
tortuga_gt,8340,50,KDTree,W2,random,0,4,0.3978,1.6997,5,1819754,411,12.00,ok,0,f32c,csr,e02d22920cc32e4f279c617770fc5116c84e1989,NVIDIA L40S,12.4
tortuga_gt,8340,50,KDTree,W2,random,0,5,0.3939,1.6945,5,1819754,411,12.00,ok,0,f32c,csr,e02d22920cc32e4f279c617770fc5116c84e1989,NVIDIA L40S,12.4
tortuga_gt,8340,50,KDTree,W2,random,0,6,0.3913,1.6699,5,1819754,411,12.00,ok,0,f32c,csr,e02d22920cc32e4f279c617770fc5116c84e1989,NVIDIA L40S,12.4
tortuga_gt,8340,50,KDTree,W2,random,0,7,0.3900,1.6747,5,1819754,411,12.00,ok,0,f32c,csr,e02d22920cc32e4f279c617770fc5116c84e1989,NVIDIA L40S,12.4
tortuga_gt,8340,50,KDTree,W2,random,0,8,0.3950,1.7365,5,1819754,411,12.00,ok,0,f32c,csr,e02d22920cc32e4f279c617770fc5116c84e1989,NVIDIA L40S,12.4
tortuga_gt,8340,50,KDTree,W2,random,0,9,0.3961,1.6589,5,1819754,411,12.00,ok,0,f32c,csr,e02d22920cc32e4f279c617770fc5116c84e1989,NVIDIA L40S,12.4
tortuga_gt,8340,50,LinearBVH,W2,random,0,0,0.1332,2.1231,5,1819754,411,8.00,ok,0,f32c,csr,e02d22920cc32e4f279c617770fc5116c84e1989,NVIDIA L40S,12.4
tortuga_gt,8340,50,LinearBVH,W2,random,0,1,0.1262,2.1025,5,1819754,411,8.00,ok,0,f32c,csr,e02d22920cc32e4f279c617770fc5116c84e1989,NVIDIA L40S,12.4
tortuga_gt,8340,50,LinearBVH,W2,random,0,2,0.1260,2.0932,5,1819754,411,8.00,ok,0,f32c,csr,e02d22920cc32e4f279c617770fc5116c84e1989,NVIDIA L40S,12.4
tortuga_gt,8340,50,LinearBVH,W2,random,0,3,0.1262,2.1005,5,1819754,411,8.00,ok,0,f32c,csr,e02d22920cc32e4f279c617770fc5116c84e1989,NVIDIA L40S,12.4
tortuga_gt,8340,50,LinearBVH,W2,random,0,4,0.1247,2.1056,5,1819754,411,8.00,ok,0,f32c,csr,e02d22920cc32e4f279c617770fc5116c84e1989,NVIDIA L40S,12.4
tortuga_gt,8340,50,LinearBVH,W2,random,0,5,0.1247,2.0935,5,1819754,411,8.00,ok,0,f32c,csr,e02d22920cc32e4f279c617770fc5116c84e1989,NVIDIA L40S,12.4
tortuga_gt,8340,50,LinearBVH,W2,random,0,6,0.1239,2.0883,5,1819754,411,8.00,ok,0,f32c,csr,e02d22920cc32e4f279c617770fc5116c84e1989,NVIDIA L40S,12.4
tortuga_gt,8340,50,LinearBVH,W2,random,0,7,0.1233,2.0933,5,1819754,411,8.00,ok,0,f32c,csr,e02d22920cc32e4f279c617770fc5116c84e1989,NVIDIA L40S,12.4
tortuga_gt,8340,50,LinearBVH,W2,random,0,8,0.1238,2.0833,5,1819754,411,8.00,ok,0,f32c,csr,e02d22920cc32e4f279c617770fc5116c84e1989,NVIDIA L40S,12.4
tortuga_gt,8340,50,LinearBVH,W2,random,0,9,0.1270,2.0812,5,1819754,411,8.00,ok,0,f32c,csr,e02d22920cc32e4f279c617770fc5116c84e1989,NVIDIA L40S,12.4
tortuga_gt,8340,50,UniformGrid,W2,random,0,0,0.0682,1.7154,5,1819754,411,8.00,ok,0,f32c,csr,e02d22920cc32e4f279c617770fc5116c84e1989,NVIDIA L40S,12.4
tortuga_gt,8340,50,UniformGrid,W2,random,0,1,0.0626,1.6932,5,1819754,411,8.00,ok,0,f32c,csr,e02d22920cc32e4f279c617770fc5116c84e1989,NVIDIA L40S,12.4
tortuga_gt,8340,50,UniformGrid,W2,random,0,2,0.0635,1.7240,5,1819754,411,8.00,ok,0,f32c,csr,e02d22920cc32e4f279c617770fc5116c84e1989,NVIDIA L40S,12.4
tortuga_gt,8340,50,UniformGrid,W2,random,0,3,0.0614,1.6870,5,1819754,411,8.00,ok,0,f32c,csr,e02d22920cc32e4f279c617770fc5116c84e1989,NVIDIA L40S,12.4
tortuga_gt,8340,50,UniformGrid,W2,random,0,4,0.0609,1.6930,5,1819754,411,8.00,ok,0,f32c,csr,e02d22920cc32e4f279c617770fc5116c84e1989,NVIDIA L40S,12.4
tortuga_gt,8340,50,UniformGrid,W2,random,0,5,0.0615,1.6951,5,1819754,411,8.00,ok,0,f32c,csr,e02d22920cc32e4f279c617770fc5116c84e1989,NVIDIA L40S,12.4
tortuga_gt,8340,50,UniformGrid,W2,random,0,6,0.0619,1.6921,5,1819754,411,8.00,ok,0,f32c,csr,e02d22920cc32e4f279c617770fc5116c84e1989,NVIDIA L40S,12.4
tortuga_gt,8340,50,UniformGrid,W2,random,0,7,0.0609,1.6939,5,1819754,411,8.00,ok,0,f32c,csr,e02d22920cc32e4f279c617770fc5116c84e1989,NVIDIA L40S,12.4
tortuga_gt,8340,50,UniformGrid,W2,random,0,8,0.0603,1.6832,5,1819754,411,8.00,ok,0,f32c,csr,e02d22920cc32e4f279c617770fc5116c84e1989,NVIDIA L40S,12.4
tortuga_gt,8340,50,UniformGrid,W2,random,0,9,0.0596,1.6969,5,1819754,411,8.00,ok,0,f32c,csr,e02d22920cc32e4f279c617770fc5116c84e1989,NVIDIA L40S,12.4
tortuga_gt,8340,50,KDTree,W2,mindeg,0,0,0.4025,2.0940,6,1819754,476,12.00,ok,0,f32c,csr,e02d22920cc32e4f279c617770fc5116c84e1989,NVIDIA L40S,12.4
tortuga_gt,8340,50,KDTree,W2,mindeg,0,1,0.3884,2.0684,6,1819754,476,12.00,ok,0,f32c,csr,e02d22920cc32e4f279c617770fc5116c84e1989,NVIDIA L40S,12.4
tortuga_gt,8340,50,KDTree,W2,mindeg,0,2,0.4004,2.0858,6,1819754,476,12.00,ok,0,f32c,csr,e02d22920cc32e4f279c617770fc5116c84e1989,NVIDIA L40S,12.4
tortuga_gt,8340,50,KDTree,W2,mindeg,0,3,0.3947,2.0756,6,1819754,476,12.00,ok,0,f32c,csr,e02d22920cc32e4f279c617770fc5116c84e1989,NVIDIA L40S,12.4
tortuga_gt,8340,50,KDTree,W2,mindeg,0,4,0.3930,2.1168,6,1819754,476,12.00,ok,0,f32c,csr,e02d22920cc32e4f279c617770fc5116c84e1989,NVIDIA L40S,12.4
tortuga_gt,8340,50,KDTree,W2,mindeg,0,5,0.3933,2.1124,6,1819754,476,12.00,ok,0,f32c,csr,e02d22920cc32e4f279c617770fc5116c84e1989,NVIDIA L40S,12.4
tortuga_gt,8340,50,KDTree,W2,mindeg,0,6,0.3974,2.0776,6,1819754,476,12.00,ok,0,f32c,csr,e02d22920cc32e4f279c617770fc5116c84e1989,NVIDIA L40S,12.4
tortuga_gt,8340,50,KDTree,W2,mindeg,0,7,0.3951,2.0660,6,1819754,476,12.00,ok,0,f32c,csr,e02d22920cc32e4f279c617770fc5116c84e1989,NVIDIA L40S,12.4
tortuga_gt,8340,50,KDTree,W2,mindeg,0,8,0.3925,2.0471,6,1819754,476,12.00,ok,0,f32c,csr,e02d22920cc32e4f279c617770fc5116c84e1989,NVIDIA L40S,12.4
tortuga_gt,8340,50,KDTree,W2,mindeg,0,9,0.3913,2.0805,6,1819754,476,12.00,ok,0,f32c,csr,e02d22920cc32e4f279c617770fc5116c84e1989,NVIDIA L40S,12.4
tortuga_gt,8340,50,LinearBVH,W2,mindeg,0,0,0.1341,2.4415,6,1819754,476,8.00,ok,0,f32c,csr,e02d22920cc32e4f279c617770fc5116c84e1989,NVIDIA L40S,12.4
tortuga_gt,8340,50,LinearBVH,W2,mindeg,0,1,0.1312,2.4305,6,1819754,476,8.00,ok,0,f32c,csr,e02d22920cc32e4f279c617770fc5116c84e1989,NVIDIA L40S,12.4
tortuga_gt,8340,50,LinearBVH,W2,mindeg,0,2,0.1345,2.4233,6,1819754,476,8.00,ok,0,f32c,csr,e02d22920cc32e4f279c617770fc5116c84e1989,NVIDIA L40S,12.4
tortuga_gt,8340,50,LinearBVH,W2,mindeg,0,3,0.1264,2.4158,6,1819754,476,8.00,ok,0,f32c,csr,e02d22920cc32e4f279c617770fc5116c84e1989,NVIDIA L40S,12.4
tortuga_gt,8340,50,LinearBVH,W2,mindeg,0,4,0.1260,2.4138,6,1819754,476,8.00,ok,0,f32c,csr,e02d22920cc32e4f279c617770fc5116c84e1989,NVIDIA L40S,12.4
tortuga_gt,8340,50,LinearBVH,W2,mindeg,0,5,0.1272,2.4282,6,1819754,476,8.00,ok,0,f32c,csr,e02d22920cc32e4f279c617770fc5116c84e1989,NVIDIA L40S,12.4
tortuga_gt,8340,50,LinearBVH,W2,mindeg,0,6,0.1270,2.4170,6,1819754,476,8.00,ok,0,f32c,csr,e02d22920cc32e4f279c617770fc5116c84e1989,NVIDIA L40S,12.4
tortuga_gt,8340,50,LinearBVH,W2,mindeg,0,7,0.1255,2.4120,6,1819754,476,8.00,ok,0,f32c,csr,e02d22920cc32e4f279c617770fc5116c84e1989,NVIDIA L40S,12.4
tortuga_gt,8340,50,LinearBVH,W2,mindeg,0,8,0.1237,2.4224,6,1819754,476,8.00,ok,0,f32c,csr,e02d22920cc32e4f279c617770fc5116c84e1989,NVIDIA L40S,12.4
tortuga_gt,8340,50,LinearBVH,W2,mindeg,0,9,0.1233,2.4117,6,1819754,476,8.00,ok,0,f32c,csr,e02d22920cc32e4f279c617770fc5116c84e1989,NVIDIA L40S,12.4
tortuga_gt,8340,50,UniformGrid,W2,mindeg,0,0,0.0727,1.9819,6,1819754,476,8.00,ok,0,f32c,csr,e02d22920cc32e4f279c617770fc5116c84e1989,NVIDIA L40S,12.4
tortuga_gt,8340,50,UniformGrid,W2,mindeg,0,1,0.0640,1.9728,6,1819754,476,8.00,ok,0,f32c,csr,e02d22920cc32e4f279c617770fc5116c84e1989,NVIDIA L40S,12.4
tortuga_gt,8340,50,UniformGrid,W2,mindeg,0,2,0.0622,1.9674,6,1819754,476,8.00,ok,0,f32c,csr,e02d22920cc32e4f279c617770fc5116c84e1989,NVIDIA L40S,12.4
tortuga_gt,8340,50,UniformGrid,W2,mindeg,0,3,0.0611,1.9656,6,1819754,476,8.00,ok,0,f32c,csr,e02d22920cc32e4f279c617770fc5116c84e1989,NVIDIA L40S,12.4
tortuga_gt,8340,50,UniformGrid,W2,mindeg,0,4,0.0602,1.9659,6,1819754,476,8.00,ok,0,f32c,csr,e02d22920cc32e4f279c617770fc5116c84e1989,NVIDIA L40S,12.4
tortuga_gt,8340,50,UniformGrid,W2,mindeg,0,5,0.0587,1.9684,6,1819754,476,8.00,ok,0,f32c,csr,e02d22920cc32e4f279c617770fc5116c84e1989,NVIDIA L40S,12.4
tortuga_gt,8340,50,UniformGrid,W2,mindeg,0,6,0.0593,1.9624,6,1819754,476,8.00,ok,0,f32c,csr,e02d22920cc32e4f279c617770fc5116c84e1989,NVIDIA L40S,12.4
tortuga_gt,8340,50,UniformGrid,W2,mindeg,0,7,0.0609,1.9613,6,1819754,476,8.00,ok,0,f32c,csr,e02d22920cc32e4f279c617770fc5116c84e1989,NVIDIA L40S,12.4
tortuga_gt,8340,50,UniformGrid,W2,mindeg,0,8,0.0598,1.9646,6,1819754,476,8.00,ok,0,f32c,csr,e02d22920cc32e4f279c617770fc5116c84e1989,NVIDIA L40S,12.4
tortuga_gt,8340,50,UniformGrid,W2,mindeg,0,9,0.0583,1.9541,6,1819754,476,8.00,ok,0,f32c,csr,e02d22920cc32e4f279c617770fc5116c84e1989,NVIDIA L40S,12.4
