seed,id,hash_uint64
0,0,12035550249420947055
0,1,627405149472732430
0,2,15549969042648332857
0,3,14416117309360870529
0,1000,5113816032131353772
0,123456789,9415334266728570130
0,2147483647,8699518541604152746
1,0,6791897765849424158
1,1,16860738450190168606
1,2,13608149317741381227
1,3,9716232063330790915
1,1000,17098769854031618072
1,123456789,7497004473904877288
1,2147483647,114693950143196628
2026,0,7959393617856205470
2026,1,18273785850258396930
2026,2,12626426252173693901
2026,3,2159871899846873932
2026,1000,16368314951355625025
2026,123456789,1683303944328477744
2026,2147483647,11346920785484450004
