label,N,d_km,estructura,carga,regla,build_ms,build_iqr,query_ms,query_iqr,ns_por_vecino,mem_pico_mb,rondas,retenidos,vecinos_total,reps,discrepancias,ruido_f32
atun_gt,80163.0,10.0,KDTree,W1,,5.5923,0.0,0.45115,0.0017500000000000293,0.12429422425141072,22.0,-1.0,-1.0,3629694.0,10,0.0,False
atun_gt,80163.0,10.0,KDTree,W2,mindeg,5.24115,0.0036250000000004334,6.28345,0.008624999999999439,1.7311238908844657,40.0,13.0,16009.0,3629694.0,10,0.0,False
atun_gt,80163.0,10.0,KDTree,W2,random,3.35135,0.025425000000000253,2.339,0.016899999999999693,0.6444069389871432,40.0,5.0,14959.0,3629694.0,10,0.0,False
atun_gt,80163.0,10.0,LinearBVH,W1,,0.7455,0.0,0.9144,0.007674999999999987,0.2519220628515792,6.0,-1.0,-1.0,3629694.0,10,0.0,False
atun_gt,80163.0,10.0,LinearBVH,W2,mindeg,3.1447000000000003,0.0044999999999997264,6.272,0.011074999999999946,1.7279693549924593,24.0,13.0,16009.0,3629694.0,10,0.0,False
atun_gt,80163.0,10.0,LinearBVH,W2,random,0.35055000000000003,0.004599999999999993,2.7622,0.009375000000000355,0.7610007895982416,24.0,5.0,14959.0,3629694.0,10,0.0,False
atun_gt,80163.0,10.0,UniformGrid,W1,,85.0391,0.0,0.57145,0.0010000000000000009,0.15743751401633305,11662.0,-1.0,-1.0,3629694.0,10,0.0,False
atun_gt,80163.0,10.0,UniformGrid,W2,mindeg,571.1455000000001,3.503199999999879,6.0926,0.38222500000000004,1.6785437009290591,11682.0,13.0,16009.0,3629694.0,10,0.0,False
atun_gt,80163.0,10.0,UniformGrid,W2,random,572.74405,2.6467999999999847,5.3957,0.32247499999999985,1.486544044759696,11682.0,5.0,14959.0,3629694.0,10,0.0,False
atun_gt,80163.0,25.0,KDTree,W1,,5.2889,0.0,1.61945,0.00735000000000019,0.07589628334337505,20.0,-1.0,-1.0,21337672.0,10,2.0,True
atun_gt,80163.0,25.0,KDTree,W2,mindeg,5.2398,0.12567499999999932,19.6612,0.19172499999999815,0.9214313538984009,106.0,25.0,7851.0,21337672.0,10,0.0,False
atun_gt,80163.0,25.0,KDTree,W2,random,5.2389,0.005349999999999966,11.95735,0.006550000000000722,0.5603868125819911,106.0,6.0,7243.0,21337672.0,10,0.0,False
atun_gt,80163.0,25.0,LinearBVH,W1,,2.9389,0.0,3.4043,0.005925000000000402,0.15954411521556805,6.0,-1.0,-1.0,21337672.0,10,2.0,True
atun_gt,80163.0,25.0,LinearBVH,W2,mindeg,0.8937999999999999,2.128125,18.15455,3.4151250000000033,0.8508214954283673,90.0,25.0,7851.0,21337672.0,10,0.0,False
atun_gt,80163.0,25.0,LinearBVH,W2,random,3.14245,0.0013999999999998458,14.022300000000001,0.0071499999999993236,0.6571616622469405,90.0,6.0,7243.0,21337672.0,10,0.0,False
atun_gt,80163.0,25.0,UniformGrid,W1,,10.8634,0.0,2.6235,0.007249999999999979,0.12295155722704895,750.0,-1.0,-1.0,21337672.0,10,2.0,True
atun_gt,80163.0,25.0,UniformGrid,W2,mindeg,10.6681,0.2974250000000005,19.82825,0.30817499999999853,0.9292602304506321,836.0,25.0,7851.0,21337672.0,10,0.0,False
atun_gt,80163.0,25.0,UniformGrid,W2,random,10.7842,0.1869999999999994,12.51365,0.11877499999999941,0.5864580728394363,836.0,6.0,7243.0,21337672.0,10,0.0,False
atun_gt,80163.0,50.0,KDTree,W1,,4.8567,0.0,5.12615,0.009525000000000006,0.06757280829540965,20.0,-1.0,-1.0,75861136.0,10,0.0,False
atun_gt,80163.0,50.0,KDTree,W2,mindeg,5.081300000000001,0.034125000000000405,53.57645,0.1665000000000063,0.7062437082408046,314.0,22.0,4300.0,75861136.0,10,0.0,False
atun_gt,80163.0,50.0,KDTree,W2,random,5.0816,0.01932500000000026,24.872149999999998,0.16004999999999825,0.3278641912243444,314.0,5.0,3868.0,75861136.0,10,0.0,False
atun_gt,80163.0,50.0,LinearBVH,W1,,3.0976,0.0,10.6655,0.025125000000000952,0.1405924108492127,6.0,-1.0,-1.0,75861136.0,10,0.0,False
atun_gt,80163.0,50.0,LinearBVH,W2,mindeg,3.149,0.016574999999999562,63.0227,0.20997500000000002,0.830763989613865,298.0,22.0,4300.0,75861136.0,10,0.0,False
atun_gt,80163.0,50.0,LinearBVH,W2,random,3.1407,0.007400000000000073,35.3913,0.15500000000000114,0.466527419257207,298.0,5.0,3868.0,75861136.0,10,0.0,False
atun_gt,80163.0,50.0,UniformGrid,W1,,3.0812,0.0,7.2335,0.021275000000000155,0.09535185447262483,94.0,-1.0,-1.0,75861136.0,10,0.0,False
atun_gt,80163.0,50.0,UniformGrid,W2,mindeg,5.30745,0.003174999999999706,57.630700000000004,0.11837500000000745,0.7596867518567083,388.0,22.0,4300.0,75861136.0,10,0.0,False
atun_gt,80163.0,50.0,UniformGrid,W2,random,5.3375,0.0065000000000008384,30.18105,0.03814999999999813,0.39784600641888623,388.0,5.0,3868.0,75861136.0,10,0.0,False
e1_amphibia,69000.0,1.0,KDTree,W1,,6.8207,0.0,2.1048,0.012675000000000214,0.04908334154576054,20.0,-1.0,-1.0,42882166.0,10,2.0,True
e1_amphibia,69000.0,1.0,LinearBVH,W1,,0.6502,0.0,5.29205,0.12362499999999965,0.12340911137744301,6.0,-1.0,-1.0,42882166.0,10,2.0,True
e1_amphibia,69000.0,1.0,UniformGrid,W1,,2.1893,0.0,2.28095,0.010324999999999918,0.05319110979608632,274.0,-1.0,-1.0,42882166.0,10,2.0,True
e1_amphibia,69000.0,5.0,KDTree,W1,,5.7074,0.0,4.21735,0.007399999999999629,0.04475475939091716,18.0,-1.0,-1.0,94232436.0,10,0.0,False
e1_amphibia,69000.0,5.0,LinearBVH,W1,,0.5743,0.0,9.6554,0.018124999999999503,0.10246365699386144,6.0,-1.0,-1.0,94232436.0,10,0.0,False
e1_amphibia,69000.0,5.0,UniformGrid,W1,,0.2744,0.0,4.694,0.0045999999999999375,0.04981299645060645,4.0,-1.0,-1.0,94232436.0,10,0.0,False
e1_amphibia,69000.0,10.0,KDTree,W1,,2.7661,0.0,6.89255,0.012800000000000367,0.04228449587706917,18.0,-1.0,-1.0,163004190.0,10,0.0,False
e1_amphibia,69000.0,10.0,LinearBVH,W1,,0.5693,0.0,14.281649999999999,0.10465000000000124,0.08761523246733718,6.0,-1.0,-1.0,163004190.0,10,0.0,False
e1_amphibia,69000.0,10.0,UniformGrid,W1,,0.2428,0.0,6.7738,0.012825000000000308,0.04155598699640788,0.0,-1.0,-1.0,163004190.0,10,0.0,False
e1_aves_2018,69000.0,1.0,KDTree,W1,,3.7756,0.0,1.35475,0.006100000000000216,0.04285629054423361,20.0,-1.0,-1.0,31611462.0,10,0.0,False
e1_aves_2018,69000.0,1.0,LinearBVH,W1,,0.642,0.0,3.19745,0.008650000000000269,0.10114843786725208,6.0,-1.0,-1.0,31611462.0,10,0.0,False
e1_aves_2018,69000.0,1.0,UniformGrid,W1,,0.6113,0.0,1.49965,0.0027000000000001467,0.047440070946418104,66.0,-1.0,-1.0,31611462.0,10,0.0,False
e1_aves_2018,69000.0,5.0,KDTree,W1,,3.0852,0.0,3.3029,0.00820000000000043,0.041493286979376647,18.0,-1.0,-1.0,79600828.0,10,0.0,False
e1_aves_2018,69000.0,5.0,LinearBVH,W1,,0.5695,0.0,7.62535,0.007575000000000109,0.09579485781228306,6.0,-1.0,-1.0,79600828.0,10,0.0,False
e1_aves_2018,69000.0,5.0,UniformGrid,W1,,0.2253,0.0,3.69415,0.0046000000000003816,0.046408436856963345,0.0,-1.0,-1.0,79600828.0,10,0.0,False
e1_aves_2018,69000.0,10.0,KDTree,W1,,2.0716,0.0,5.55365,0.00867500000000021,0.040058099878854475,18.0,-1.0,-1.0,138639876.0,10,0.0,False
e1_aves_2018,69000.0,10.0,LinearBVH,W1,,0.5694,0.0,12.418050000000001,0.06832499999999797,0.08957055039489503,6.0,-1.0,-1.0,138639876.0,10,0.0,False
e1_aves_2018,69000.0,10.0,UniformGrid,W1,,0.0912,0.0,6.5234000000000005,0.007949999999999235,0.04705284069930934,0.0,-1.0,-1.0,138639876.0,10,0.0,False
e1_insecta_2018,69000.0,1.0,KDTree,W1,,8.1779,0.0,4.2352,0.005424999999999791,0.0017977717342673324,20.0,-1.0,-1.0,2355805200.0,10,0.0,False
e1_insecta_2018,69000.0,1.0,LinearBVH,W1,,0.6287,0.0,34.1858,0.03512500000000074,0.014511301698459617,6.0,-1.0,-1.0,2355805200.0,10,0.0,False
e1_insecta_2018,69000.0,1.0,UniformGrid,W1,,0.6062,0.0,9.1771,0.017574999999999008,0.0038955258270081073,52.0,-1.0,-1.0,2355805200.0,10,0.0,False
e1_insecta_2018,69000.0,5.0,KDTree,W1,,4.795,0.0,14.63765,0.0066499999999987125,0.0036398315022976536,18.0,-1.0,-1.0,4021518576.0,10,0.0,False
e1_insecta_2018,69000.0,5.0,LinearBVH,W1,,0.5693,0.0,49.36395,0.036625000000000796,0.012274952624761915,6.0,-1.0,-1.0,4021518576.0,10,0.0,False
e1_insecta_2018,69000.0,5.0,UniformGrid,W1,,0.2886,0.0,25.9825,0.01457500000000067,0.006460867831137428,0.0,-1.0,-1.0,4021518576.0,10,0.0,False
e1_insecta_2018,69000.0,10.0,KDTree,W1,,4.1395,0.0,17.542650000000002,0.0045999999999999375,0.004206205035561112,18.0,-1.0,-1.0,4170659740.0,10,0.0,False
e1_insecta_2018,69000.0,10.0,LinearBVH,W1,,0.5673,0.0,43.13395,0.06344999999999601,0.010342236645754276,6.0,-1.0,-1.0,4170659740.0,10,0.0,False
e1_insecta_2018,69000.0,10.0,UniformGrid,W1,,0.1446,0.0,25.4008,0.030974999999997976,0.0060903553834386875,0.0,-1.0,-1.0,4170659740.0,10,0.0,False
e1_plantae,69000.0,1.0,KDTree,W1,,6.7192,0.0,0.8673,0.004975000000000063,0.07307062954985358,20.0,-1.0,-1.0,11869338.0,10,0.0,False
e1_plantae,69000.0,1.0,LinearBVH,W1,,0.8714,0.0,2.16425,0.026100000000000012,0.1823395710864414,6.0,-1.0,-1.0,11869338.0,10,0.0,False
e1_plantae,69000.0,1.0,UniformGrid,W1,,2.8037,0.0,0.8981,0.0030999999999999917,0.07566555101893635,368.0,-1.0,-1.0,11869338.0,10,0.0,False
e1_plantae,69000.0,5.0,KDTree,W1,,6.2988,0.0,2.1586,0.005650000000000155,0.05300464852682878,18.0,-1.0,-1.0,40724730.0,10,0.0,False
e1_plantae,69000.0,5.0,LinearBVH,W1,,0.5663,0.0,4.5988500000000005,0.04532500000000006,0.1129252422299669,6.0,-1.0,-1.0,40724730.0,10,0.0,False
e1_plantae,69000.0,5.0,UniformGrid,W1,,0.2346,0.0,2.5195499999999997,0.02685000000000004,0.06186781348826623,4.0,-1.0,-1.0,40724730.0,10,0.0,False
e1_plantae,69000.0,10.0,KDTree,W1,,2.5568,0.0,4.0535,0.02072499999999966,0.04883104607436578,18.0,-1.0,-1.0,83010714.0,10,0.0,False
e1_plantae,69000.0,10.0,LinearBVH,W1,,0.5674,0.0,8.169049999999999,0.02114999999999867,0.09840958602042621,6.0,-1.0,-1.0,83010714.0,10,0.0,False
e1_plantae,69000.0,10.0,UniformGrid,W1,,0.219,0.0,4.840450000000001,0.012325000000000585,0.05831114764294161,0.0,-1.0,-1.0,83010714.0,10,0.0,False
e2_aves_100000,100000.0,1.0,KDTree,W1,,6.7322,0.0,2.3337,0.021050000000000235,0.0351914643666405,28.0,-1.0,-1.0,66314376.0,10,0.0,False
e2_aves_100000,100000.0,1.0,LinearBVH,W1,,0.7834,0.0,6.0969,0.11244999999999994,0.09193934057375433,8.0,-1.0,-1.0,66314376.0,10,0.0,False
e2_aves_100000,100000.0,1.0,UniformGrid,W1,,0.6483,0.0,3.0008,0.0038250000000004114,0.04525112322552805,66.0,-1.0,-1.0,66314376.0,10,0.0,False
e2_aves_100000,100000.0,5.0,KDTree,W1,,3.7224,0.0,6.46,0.0118999999999998,0.03870525435930809,26.0,-1.0,-1.0,166902404.0,10,0.0,False
e2_aves_100000,100000.0,5.0,LinearBVH,W1,,0.7363,0.0,15.1158,0.24405000000000143,0.09056670028551536,8.0,-1.0,-1.0,166902404.0,10,0.0,False
e2_aves_100000,100000.0,5.0,UniformGrid,W1,,0.1875,0.0,7.4712,0.022475000000000023,0.04476388488688275,2.0,-1.0,-1.0,166902404.0,10,0.0,False
e2_aves_100000,100000.0,10.0,KDTree,W1,,2.6728,0.0,10.821100000000001,0.014550000000001617,0.037280049054179344,26.0,-1.0,-1.0,290265176.0,10,0.0,False
e2_aves_100000,100000.0,10.0,LinearBVH,W1,,0.7342,0.0,24.1439,0.25107500000000016,0.08317876891990653,8.0,-1.0,-1.0,290265176.0,10,0.0,False
e2_aves_100000,100000.0,10.0,UniformGrid,W1,,0.2304,0.0,12.91215,0.01932500000000026,0.04448397902199608,0.0,-1.0,-1.0,290265176.0,10,0.0,False
e2_aves_300000,300000.0,1.0,KDTree,W1,,13.6514,0.0,19.1232,0.713750000000001,0.03209921277969782,80.0,-1.0,-1.0,595752928.0,10,0.0,False
e2_aves_300000,300000.0,1.0,LinearBVH,W1,,0.4875,0.0,55.782399999999996,1.2845000000000013,0.09363344664921228,22.0,-1.0,-1.0,595752928.0,10,0.0,False
e2_aves_300000,300000.0,1.0,UniformGrid,W1,,2.2107,0.0,23.4665,0.22572500000000062,0.03938965114074941,270.0,-1.0,-1.0,595752928.0,10,0.0,False
e2_aves_300000,300000.0,5.0,KDTree,W1,,11.5779,0.0,50.571250000000006,0.7853749999999948,0.03362006553768282,78.0,-1.0,-1.0,1504198436.0,10,0.0,False
e2_aves_300000,300000.0,5.0,LinearBVH,W1,,0.4208,0.0,132.62439999999998,1.5342250000000206,0.08816948404272906,22.0,-1.0,-1.0,1504198436.0,10,0.0,False
e2_aves_300000,300000.0,5.0,UniformGrid,W1,,0.3584,0.0,65.98660000000001,0.2240500000000054,0.043868281219247324,8.0,-1.0,-1.0,1504198436.0,10,0.0,False
e2_aves_300000,300000.0,10.0,KDTree,W1,,9.4067,0.0,87.1726,1.0409750000000173,0.03331981958147476,78.0,-1.0,-1.0,2616238656.0,10,0.0,False
e2_aves_300000,300000.0,10.0,LinearBVH,W1,,0.3338,0.0,235.2758,2.222925000000032,0.08992902824840762,22.0,-1.0,-1.0,2616238656.0,10,0.0,False
e2_aves_300000,300000.0,10.0,UniformGrid,W1,,0.1493,0.0,118.7431,0.7754000000000048,0.04538695264962861,4.0,-1.0,-1.0,2616238656.0,10,0.0,False
e2_aves_50000,50000.0,1.0,KDTree,W1,,4.3905,0.0,0.88275,0.001574999999999993,0.05316960087774564,16.0,-1.0,-1.0,16602532.0,10,0.0,False
e2_aves_50000,50000.0,1.0,LinearBVH,W1,,0.471,0.0,1.90665,0.011624999999999996,0.114840917036028,4.0,-1.0,-1.0,16602532.0,10,0.0,False
e2_aves_50000,50000.0,1.0,UniformGrid,W1,,0.6359,0.0,0.8991,0.001574999999999993,0.054154390426713224,64.0,-1.0,-1.0,16602532.0,10,0.0,False
e2_aves_50000,50000.0,5.0,KDTree,W1,,2.6513,0.0,2.11815,0.0038249999999999673,0.05057935527494094,14.0,-1.0,-1.0,41877758.0,10,0.0,False
e2_aves_50000,50000.0,5.0,LinearBVH,W1,,0.3912,0.0,4.2532,0.050349999999999895,0.10156226606018404,4.0,-1.0,-1.0,41877758.0,10,0.0,False
e2_aves_50000,50000.0,5.0,UniformGrid,W1,,0.213,0.0,2.1109999999999998,0.00517499999999993,0.050408620251351566,0.0,-1.0,-1.0,41877758.0,10,0.0,False
e2_aves_50000,50000.0,10.0,KDTree,W1,,1.5985,0.0,3.2855499999999997,0.015924999999999745,0.04511688149830094,14.0,-1.0,-1.0,72823074.0,10,0.0,False
e2_aves_50000,50000.0,10.0,LinearBVH,W1,,0.3901,0.0,6.528499999999999,0.025875000000000092,0.0896487835709874,4.0,-1.0,-1.0,72823074.0,10,0.0,False
e2_aves_50000,50000.0,10.0,UniformGrid,W1,,0.0879,0.0,3.348,0.0056749999999996525,0.045974439365193506,0.0,-1.0,-1.0,72823074.0,10,0.0,False
tortuga_gt,8340.0,10.0,KDTree,W1,,4.8009,0.0,0.0655,0.0008250000000000063,0.17361295179126157,6.0,-1.0,-1.0,377276.0,10,0.0,False
tortuga_gt,8340.0,10.0,KDTree,W2,mindeg,0.3931,0.0012749999999999706,0.78925,0.011525000000000007,2.0919698045992856,6.0,6.0,1794.0,377276.0,10,0.0,False
tortuga_gt,8340.0,10.0,KDTree,W2,random,0.42555,0.031525000000000025,0.72455,0.06762500000000005,1.9204773163413522,6.0,4.0,1655.0,377276.0,10,0.0,False
tortuga_gt,8340.0,10.0,LinearBVH,W1,,0.3883,0.0,0.191,0.0048749999999999905,0.506260668582152,0.0,-1.0,-1.0,377276.0,10,0.0,False
tortuga_gt,8340.0,10.0,LinearBVH,W2,mindeg,0.1266,0.0030749999999999944,1.05045,0.009300000000000086,2.7843011482310036,2.0,6.0,1794.0,377276.0,10,0.0,False
tortuga_gt,8340.0,10.0,LinearBVH,W2,random,0.12564999999999998,0.007175000000000001,0.9069499999999999,0.022049999999999903,2.403943001940224,2.0,4.0,1655.0,377276.0,10,0.0,False
tortuga_gt,8340.0,10.0,UniformGrid,W1,,0.858,0.0,0.0809,0.0010000000000000009,0.214431874807833,40.0,-1.0,-1.0,377276.0,10,0.0,False
tortuga_gt,8340.0,10.0,UniformGrid,W2,mindeg,1.00435,0.007949999999999902,1.4250500000000001,0.002774999999999972,3.77720819771202,42.0,6.0,1794.0,377276.0,10,0.0,False
tortuga_gt,8340.0,10.0,UniformGrid,W2,random,1.0019,0.007724999999999982,1.29025,0.0015249999999999986,3.4199100923461865,42.0,4.0,1655.0,377276.0,10,0.0,False
tortuga_gt,8340.0,25.0,KDTree,W1,,1.0774,0.0,0.1353,0.0010000000000000009,0.15999035091453465,4.0,-1.0,-1.0,845676.0,10,0.0,False
tortuga_gt,8340.0,25.0,KDTree,W2,mindeg,0.395,0.004149999999999987,1.3872499999999999,0.01364999999999994,1.640403653408634,8.0,7.0,882.0,845676.0,10,0.0,False
tortuga_gt,8340.0,25.0,KDTree,W2,random,0.39435,0.0040999999999999925,0.9640500000000001,0.012575000000000003,1.1399755934897051,8.0,4.0,794.0,845676.0,10,0.0,False
tortuga_gt,8340.0,25.0,LinearBVH,W1,,0.1935,0.0,0.3057,0.002625000000000044,0.36148595916166476,0.0,-1.0,-1.0,845676.0,10,0.0,False
tortuga_gt,8340.0,25.0,LinearBVH,W2,mindeg,0.12685000000000002,0.0025249999999999995,1.6254,0.030124999999999957,1.9220126857094206,4.0,7.0,882.0,845676.0,10,0.0,False
tortuga_gt,8340.0,25.0,LinearBVH,W2,random,0.12675,0.004800000000000013,1.2380499999999999,0.018024999999999958,1.4639767475960062,4.0,4.0,794.0,845676.0,10,0.0,False
tortuga_gt,8340.0,25.0,UniformGrid,W1,,0.3277,0.0,0.10435,0.0010000000000000009,0.12339241033208936,4.0,-1.0,-1.0,845676.0,10,0.0,False
tortuga_gt,8340.0,25.0,UniformGrid,W2,mindeg,0.20455,0.004299999999999998,1.2968,0.011074999999999946,1.5334477979746381,8.0,7.0,882.0,845676.0,10,0.0,False
tortuga_gt,8340.0,25.0,UniformGrid,W2,random,0.20395000000000002,0.005225000000000007,0.9289000000000001,0.011800000000000033,1.0984112118589153,8.0,4.0,794.0,845676.0,10,0.0,False
tortuga_gt,8340.0,50.0,KDTree,W1,,0.4427,0.0,0.24359999999999998,0.006149999999999989,0.13386424758511314,4.0,-1.0,-1.0,1819754.0,10,0.0,False
tortuga_gt,8340.0,50.0,KDTree,W2,mindeg,0.394,0.0041999999999999815,2.0790499999999996,0.021749999999999936,1.1424895892521736,12.0,6.0,476.0,1819754.0,10,0.0,False
tortuga_gt,8340.0,50.0,KDTree,W2,random,0.39349999999999996,0.004275000000000029,1.69875,0.03980000000000006,0.9335052979688463,12.0,5.0,411.0,1819754.0,10,0.0,False
tortuga_gt,8340.0,50.0,LinearBVH,W1,,0.1331,0.0,0.5299,0.0033249999999999114,0.2911932052354329,0.0,-1.0,-1.0,1819754.0,10,0.0,False
tortuga_gt,8340.0,50.0,LinearBVH,W2,mindeg,0.1267,0.0045750000000000235,2.4196999999999997,0.01267499999999977,1.3296852211892376,8.0,6.0,476.0,1819754.0,10,0.0,False
tortuga_gt,8340.0,50.0,LinearBVH,W2,random,0.12535000000000002,0.0021000000000000046,2.0934,0.012474999999999792,1.1503752705035957,8.0,5.0,411.0,1819754.0,10,0.0,False
tortuga_gt,8340.0,50.0,UniformGrid,W1,,0.0717,0.0,0.2131,0.0010000000000000009,0.11710374039567986,0.0,-1.0,-1.0,1819754.0,10,0.0,False
tortuga_gt,8340.0,50.0,UniformGrid,W2,mindeg,0.06055,0.0025000000000000022,1.9657499999999999,0.0052000000000000934,1.0802284264796231,8.0,6.0,476.0,1819754.0,10,0.0,False
tortuga_gt,8340.0,50.0,UniformGrid,W2,random,0.061450000000000005,0.0015249999999999986,1.69355,0.004125000000000156,0.9306477688742545,8.0,5.0,411.0,1819754.0,10,0.0,False
