label,d_km,carga,cpu,cpu_s,gpu,gpu_s,aceleracion
tortuga_gt,10.0,W1,cKDTree 4 hilos,0.00774860754609108,KDTree,6.55e-05,118.29935184871876
tortuga_gt,25.0,W1,cKDTree 4 hilos,0.01251305267214775,UniformGrid,0.00010435,119.91425656107091
tortuga_gt,50.0,W1,cKDTree 4 hilos,0.020361751317977905,UniformGrid,0.0002131,95.55021735325155
atun_gt,10.0,W1,cKDTree 4 hilos,0.12054228223860264,KDTree,0.00045115,267.18892217356233
atun_gt,25.0,W1,cKDTree 4 hilos,0.3131819348782301,KDTree,0.0016194500000000001,193.3878383884838
atun_gt,50.0,W1,cKDTree 4 hilos,0.7982167117297649,KDTree,0.00512615,155.71466143787538
e1_amphibia,1.0,W1,cKDTree 4 hilos,0.28127279691398144,KDTree,0.0021048,133.63397800930323
e1_amphibia,5.0,W1,cKDTree 4 hilos,0.5616137646138668,KDTree,0.00421735,133.16745458969893
e1_amphibia,10.0,W1,cKDTree 4 hilos,0.9439879097044468,UniformGrid,0.0067738,139.3586922708741
e1_aves_2018,1.0,W1,cKDTree 4 hilos,0.15644250810146332,KDTree,0.0013547499999999998,115.4770312614603
e1_aves_2018,5.0,W1,cKDTree 4 hilos,0.355681948363781,KDTree,0.0033029,107.68777388470161
e1_aves_2018,10.0,W1,cKDTree 4 hilos,0.5983635392040014,KDTree,0.00555365,107.74239269741547
e1_insecta_2018,1.0,W1,cKDTree 4 hilos,7.081425471231341,KDTree,0.0042352,1672.0403927161271
e1_insecta_2018,5.0,W1,cKDTree 4 hilos,9.339847115799785,KDTree,0.01463765,638.0701216246996
e1_insecta_2018,10.0,W1,cKDTree 4 hilos,9.637711681425571,KDTree,0.017542650000000003,549.3874461056664
e1_plantae,1.0,W1,cKDTree 4 hilos,0.10267867520451546,KDTree,0.0008673,118.38887951633282
e1_plantae,5.0,W1,cKDTree 4 hilos,0.27791531197726727,KDTree,0.0021585999999999997,128.74794402727105
e1_plantae,10.0,W1,cKDTree 4 hilos,0.5248217359185219,KDTree,0.0040535,129.4737229353699
e2_aves_100000,1.0,W1,cKDTree 4 hilos,0.3063103277236223,KDTree,0.0023336999999999998,131.25522891700834
e2_aves_100000,5.0,W1,cKDTree 4 hilos,0.7133149597793818,KDTree,0.00646,110.420272411669
e2_aves_100000,10.0,W1,cKDTree 4 hilos,1.2133707962930202,KDTree,0.010821100000000002,112.13007885455453
e2_aves_300000,1.0,W1,cKDTree 4 hilos,2.234129600226879,KDTree,0.0191232,116.82822959687077
e2_aves_300000,5.0,W1,cKDTree 4 hilos,5.437681021168828,KDTree,0.050571250000000005,107.52514563450237
e2_aves_300000,10.0,W1,cKDTree 4 hilos,9.472320152446628,KDTree,0.0871726,108.66166837339516
e2_aves_50000,1.0,W1,cKDTree 4 hilos,0.08904136717319489,KDTree,0.0008827500000000001,100.86815879149802
e2_aves_50000,5.0,W1,cKDTree 4 hilos,0.19523495435714722,UniformGrid,0.0021109999999999996,92.48458283142931
e2_aves_50000,10.0,W1,cKDTree 4 hilos,0.3217524755746126,KDTree,0.00328555,97.9295629573778
