label,N,d_km,estructura,query_ms,morisita_2d,hacinamiento_medio,n_max,p99,ripley_norm
atun_gt,80163.0,10.0,KDTree,0.45115,686.2881549801889,13.758891259059666,62,35.0,673.9564081010309
atun_gt,80163.0,25.0,KDTree,1.61945,652.0692027438128,83.65195913326598,315,135.79999999999745,635.5515288235532
atun_gt,80163.0,50.0,KDTree,5.12615,596.1569402775515,286.9932013522448,1106,301.2000000000007,565.1863407969918
e1_amphibia,69000.0,1.0,KDTree,2.1048,1922.8736523954162,303.6411884057971,1728,211.65000000000055,987.6825886277339
e1_amphibia,69000.0,5.0,KDTree,4.21735,180.8116560423385,968.6263188405798,5936,731.1999999999989,86.38441007792822
e1_amphibia,69000.0,10.0,UniformGrid,6.7738,64.02245918229427,1381.1501739130435,6430,1626.7499999999768,37.476788584510935
e1_aves_2018,69000.0,1.0,KDTree,1.35475,1891.6870466313746,378.6345507246377,2268,276.3500000000008,730.4544519459765
e1_aves_2018,69000.0,5.0,KDTree,3.3029,148.173702421698,690.7252463768116,2668,793.829999999997,73.45017240564871
e1_aves_2018,69000.0,10.0,KDTree,5.55365,53.56795323860357,1179.3813623188405,3862,1801.3000000000036,31.981731828375953
e1_insecta_2018,69000.0,1.0,KDTree,4.2352,151084.67782141184,33015.579768115946,47017,1654.7099999999687,54597.12719448682
e1_insecta_2018,69000.0,5.0,KDTree,14.63765,6974.116563424395,38490.45115942029,50806,2557.5999999999563,3723.306937377342
e1_insecta_2018,69000.0,10.0,KDTree,17.542650000000002,2557.327308772433,39612.151826086956,51562,4777.320000000004,964.3805082374927
e1_plantae,69000.0,1.0,KDTree,0.8673,604.2464554399534,116.93860869565218,2005,68.0,270.21430790148946
e1_plantae,69000.0,5.0,KDTree,2.1586,63.40977912741666,305.408,2467,358.7199999999998,37.28209643025906
e1_plantae,69000.0,10.0,KDTree,4.0535,29.76382306786028,532.124231884058,2980,843.89,19.064374278003484
e2_aves_100000,100000.0,1.0,KDTree,2.3337,1890.9777560402392,548.58756,3294,369.5500000000011,725.6459508292007
e2_aves_100000,100000.0,5.0,KDTree,6.46,147.92833165470498,1000.18394,3854,1101.3599999999924,73.38873603115051
e2_aves_100000,100000.0,10.0,KDTree,10.821100000000001,53.432998172492695,1705.63682,5505,2569.719999999992,31.69636924683262
e2_aves_300000,300000.0,1.0,KDTree,19.1232,1868.2856955835482,1652.5392533333334,9782,911.5899999999956,723.1386420802866
e2_aves_300000,300000.0,5.0,KDTree,50.571250000000006,133.34284099132188,3140.21284,10863,2741.969999999962,73.46253335951182
e2_aves_300000,300000.0,10.0,KDTree,87.1726,57.39347081735823,4550.297486666666,15366,8421.580000000004,31.870346255685565
e2_aves_50000,50000.0,1.0,KDTree,0.88275,1877.0564955608213,278.1968,1607,203.02000000000044,716.4558457171499
e2_aves_50000,50000.0,5.0,UniformGrid,2.1109999999999998,144.56459288848092,560.10668,2142,611.2400000000107,73.08663169434463
e2_aves_50000,50000.0,10.0,KDTree,3.2855499999999997,56.90408242024283,822.66684,2541,1451.5000000000016,31.87329020896181
tortuga_gt,8340.0,10.0,KDTree,0.0655,167.26060508374763,24.36642685851319,205,27.0,106.68277583288713
tortuga_gt,8340.0,25.0,UniformGrid,0.10435,59.39486274712756,51.058992805755395,272,70.88000000000011,38.261085090010205
tortuga_gt,8340.0,50.0,UniformGrid,0.2131,29.815702299094305,103.14988009592327,307,177.98000000000002,20.582950994680782
